﻿<?xml version="1.0" encoding="utf-8"?>
<abapGit version="v1.0.0" serializer="LCL_OBJECT_ENHO" serializer_version="v1.0.0">
 <asx:abap xmlns:asx="http://www.sap.com/abapxml" version="1.0">
  <asx:values>
   <TOOL>BADI_IMPL</TOOL>
   <SHORTTEXT>ZCOR6N_1086_NOTIFICA_ORDENES</SHORTTEXT>
   <SPOT_NAME>WORKORDER_CONFIRM</SPOT_NAME>
   <IMPL>
    <ENH_BADI_IMPL_DATA>
     <SPOT_NAME>WORKORDER_CONFIRM</SPOT_NAME>
     <BADI_NAME>WORKORDER_CONFIRM</BADI_NAME>
     <IMPL_NAME>ZPP_BADI_1086</IMPL_NAME>
     <IMPL_CLASS>ZCL_IM_PP_BADI_1086</IMPL_CLASS>
     <ACTIVE>X</ACTIVE>
     <IMPL_SHORTTEXT>Notificaciones de órdenes automáticas de producción</IMPL_SHORTTEXT>
     <IMPL_SHORTTEXT_ID>1E39D4367E031ED8ABDD629A59330050</IMPL_SHORTTEXT_ID>
     <MIG_BADI_IMPL>ZPP_BADI_1086</MIG_BADI_IMPL>
    </ENH_BADI_IMPL_DATA>
   </IMPL>
  </asx:values>
 </asx:abap>
</abapGit>
