﻿<?xml version="1.0" encoding="utf-8"?>
<abapGit version="v1.0.0" serializer="LCL_OBJECT_DTEL" serializer_version="v1.0.0">
 <asx:abap xmlns:asx="http://www.sap.com/abapxml" version="1.0">
  <asx:values>
   <DD04V>
    <ROLLNAME>ZDT1086_STATE_VORNR</ROLLNAME>
    <DDLANGUAGE>S</DDLANGUAGE>
    <DOMNAME>ICON</DOMNAME>
    <HEADLEN>17</HEADLEN>
    <SCRLEN1>08</SCRLEN1>
    <SCRLEN2>17</SCRLEN2>
    <SCRLEN3>17</SCRLEN3>
    <DDTEXT>Estado de la fase</DDTEXT>
    <REPTEXT>Estado de la fase</REPTEXT>
    <SCRTEXT_S>Est.fase</SCRTEXT_S>
    <SCRTEXT_M>Estado de la fase</SCRTEXT_M>
    <SCRTEXT_L>Estado de la fase</SCRTEXT_L>
    <DTELMASTER>S</DTELMASTER>
    <REFKIND>D</REFKIND>
   </DD04V>
  </asx:values>
 </asx:abap>
</abapGit>
