﻿<?xml version="1.0" encoding="utf-8"?>
<abapGit version="v1.0.0" serializer="LCL_OBJECT_DTEL" serializer_version="v1.0.0">
 <asx:abap xmlns:asx="http://www.sap.com/abapxml" version="1.0">
  <asx:values>
   <DD04V>
    <ROLLNAME>ZDT1086_DESC_VORNR</ROLLNAME>
    <DDLANGUAGE>S</DDLANGUAGE>
    <DOMNAME>CHAR40</DOMNAME>
    <HEADLEN>40</HEADLEN>
    <SCRLEN1>10</SCRLEN1>
    <SCRLEN2>16</SCRLEN2>
    <SCRLEN3>33</SCRLEN3>
    <DDTEXT>Descripción del estado de la fase</DDTEXT>
    <REPTEXT>Descripción del estado de la fase</REPTEXT>
    <SCRTEXT_S>D.est.fase</SCRTEXT_S>
    <SCRTEXT_M>Des. estado fase</SCRTEXT_M>
    <SCRTEXT_L>Descripción del estado de la fase</SCRTEXT_L>
    <DTELMASTER>S</DTELMASTER>
    <REFKIND>D</REFKIND>
   </DD04V>
  </asx:values>
 </asx:abap>
</abapGit>
