﻿<?xml version="1.0" encoding="utf-8"?>
<abapGit version="v1.0.0" serializer="LCL_OBJECT_TABL" serializer_version="v1.0.0">
 <asx:abap xmlns:asx="http://www.sap.com/abapxml" version="1.0">
  <asx:values>
   <DD02V>
    <TABNAME>ZEPP1086_REP_LOG</TABNAME>
    <DDLANGUAGE>S</DDLANGUAGE>
    <TABCLASS>INTTAB</TABCLASS>
    <DDTEXT>Estructura para reporte ALV delog de notificaciones</DDTEXT>
    <EXCLASS>4</EXCLASS>
   </DD02V>
   <DD03P_TABLE>
    <DD03P>
     <TABNAME>ZEPP1086_REP_LOG</TABNAME>
     <FIELDNAME>ORDEN</FIELDNAME>
     <POSITION>0001</POSITION>
     <ROLLNAME>AUFNR</ROLLNAME>
     <CHECKTABLE>AUFK</CHECKTABLE>
     <ADMINFIELD>0</ADMINFIELD>
     <SHLPORIGIN>P</SHLPORIGIN>
     <COMPTYPE>E</COMPTYPE>
    </DD03P>
    <DD03P>
     <TABNAME>ZEPP1086_REP_LOG</TABNAME>
     <FIELDNAME>EST_ORD</FIELDNAME>
     <POSITION>0002</POSITION>
     <ROLLNAME>ZDT1086_STATE_AUFNR</ROLLNAME>
     <ADMINFIELD>0</ADMINFIELD>
     <COMPTYPE>E</COMPTYPE>
    </DD03P>
    <DD03P>
     <TABNAME>ZEPP1086_REP_LOG</TABNAME>
     <FIELDNAME>DES_ORDE</FIELDNAME>
     <POSITION>0003</POSITION>
     <ROLLNAME>ZDT1086_DESC_AUFNR</ROLLNAME>
     <ADMINFIELD>0</ADMINFIELD>
     <COMPTYPE>E</COMPTYPE>
    </DD03P>
    <DD03P>
     <TABNAME>ZEPP1086_REP_LOG</TABNAME>
     <FIELDNAME>FASE</FIELDNAME>
     <POSITION>0004</POSITION>
     <ROLLNAME>VORNR</ROLLNAME>
     <ADMINFIELD>0</ADMINFIELD>
     <COMPTYPE>E</COMPTYPE>
    </DD03P>
    <DD03P>
     <TABNAME>ZEPP1086_REP_LOG</TABNAME>
     <FIELDNAME>EST_FAS</FIELDNAME>
     <POSITION>0005</POSITION>
     <ROLLNAME>ZDT1086_STATE_VORNR</ROLLNAME>
     <ADMINFIELD>0</ADMINFIELD>
     <COMPTYPE>E</COMPTYPE>
    </DD03P>
    <DD03P>
     <TABNAME>ZEPP1086_REP_LOG</TABNAME>
     <FIELDNAME>DES_FAS</FIELDNAME>
     <POSITION>0006</POSITION>
     <ROLLNAME>ZDT1086_DESC_VORNR</ROLLNAME>
     <ADMINFIELD>0</ADMINFIELD>
     <COMPTYPE>E</COMPTYPE>
    </DD03P>
    <DD03P>
     <TABNAME>ZEPP1086_REP_LOG</TABNAME>
     <FIELDNAME>LMNGA</FIELDNAME>
     <POSITION>0007</POSITION>
     <ROLLNAME>RU_LMNGA</ROLLNAME>
     <ADMINFIELD>0</ADMINFIELD>
     <REFTABLE>ZEPP1086_REP_LOG</REFTABLE>
     <REFFIELD>MEINH</REFFIELD>
     <COMPTYPE>E</COMPTYPE>
    </DD03P>
    <DD03P>
     <TABNAME>ZEPP1086_REP_LOG</TABNAME>
     <FIELDNAME>MEINH</FIELDNAME>
     <POSITION>0008</POSITION>
     <ROLLNAME>RU_VORME</ROLLNAME>
     <ADMINFIELD>0</ADMINFIELD>
     <COMPTYPE>E</COMPTYPE>
    </DD03P>
    <DD03P>
     <TABNAME>ZEPP1086_REP_LOG</TABNAME>
     <FIELDNAME>CLA_ORD</FIELDNAME>
     <POSITION>0009</POSITION>
     <ROLLNAME>AUFART</ROLLNAME>
     <ADMINFIELD>0</ADMINFIELD>
     <COMPTYPE>E</COMPTYPE>
    </DD03P>
    <DD03P>
     <TABNAME>ZEPP1086_REP_LOG</TABNAME>
     <FIELDNAME>PLANTA</FIELDNAME>
     <POSITION>0010</POSITION>
     <ROLLNAME>BUKRS</ROLLNAME>
     <ADMINFIELD>0</ADMINFIELD>
     <SHLPORIGIN>D</SHLPORIGIN>
     <COMPTYPE>E</COMPTYPE>
    </DD03P>
    <DD03P>
     <TABNAME>ZEPP1086_REP_LOG</TABNAME>
     <FIELDNAME>CENTRO</FIELDNAME>
     <POSITION>0011</POSITION>
     <ROLLNAME>WERKS_D</ROLLNAME>
     <ADMINFIELD>0</ADMINFIELD>
     <SHLPORIGIN>D</SHLPORIGIN>
     <COMPTYPE>E</COMPTYPE>
    </DD03P>
    <DD03P>
     <TABNAME>ZEPP1086_REP_LOG</TABNAME>
     <FIELDNAME>IS_WS</FIELDNAME>
     <POSITION>0012</POSITION>
     <ROLLNAME>POC_WEB_SERVICE_CALL</ROLLNAME>
     <ADMINFIELD>0</ADMINFIELD>
     <VALEXI>X</VALEXI>
     <SHLPORIGIN>F</SHLPORIGIN>
     <COMPTYPE>E</COMPTYPE>
    </DD03P>
    <DD03P>
     <TABNAME>ZEPP1086_REP_LOG</TABNAME>
     <FIELDNAME>FECHA</FIELDNAME>
     <POSITION>0013</POSITION>
     <ROLLNAME>CREATEDATE</ROLLNAME>
     <ADMINFIELD>0</ADMINFIELD>
     <SHLPORIGIN>T</SHLPORIGIN>
     <COMPTYPE>E</COMPTYPE>
    </DD03P>
    <DD03P>
     <TABNAME>ZEPP1086_REP_LOG</TABNAME>
     <FIELDNAME>HORA</FIELDNAME>
     <POSITION>0014</POSITION>
     <ROLLNAME>CREATETIME</ROLLNAME>
     <ADMINFIELD>0</ADMINFIELD>
     <SHLPORIGIN>T</SHLPORIGIN>
     <COMPTYPE>E</COMPTYPE>
    </DD03P>
    <DD03P>
     <TABNAME>ZEPP1086_REP_LOG</TABNAME>
     <FIELDNAME>IDLOG_DET</FIELDNAME>
     <POSITION>0015</POSITION>
     <ROLLNAME>BALOGNR</ROLLNAME>
     <ADMINFIELD>0</ADMINFIELD>
     <COMPTYPE>E</COMPTYPE>
    </DD03P>
    <DD03P>
     <TABNAME>ZEPP1086_REP_LOG</TABNAME>
     <FIELDNAME>MENSAJE</FIELDNAME>
     <POSITION>0016</POSITION>
     <ROLLNAME>BAPI_MSG</ROLLNAME>
     <ADMINFIELD>0</ADMINFIELD>
     <COMPTYPE>E</COMPTYPE>
    </DD03P>
   </DD03P_TABLE>
   <DD05M_TABLE>
    <DD05M>
     <TABNAME>ZEPP1086_REP_LOG</TABNAME>
     <FIELDNAME>ORDEN</FIELDNAME>
     <FORTABLE>SYST</FORTABLE>
     <FORKEY>MANDT</FORKEY>
     <CHECKTABLE>AUFK</CHECKTABLE>
     <CHECKFIELD>MANDT</CHECKFIELD>
     <PRIMPOS>0001</PRIMPOS>
     <DOMNAME>MANDT</DOMNAME>
     <DATATYPE>CLNT</DATATYPE>
     <LENG>000003</LENG>
    </DD05M>
    <DD05M>
     <TABNAME>ZEPP1086_REP_LOG</TABNAME>
     <FIELDNAME>ORDEN</FIELDNAME>
     <FORTABLE>ZEPP1086_REP_LOG</FORTABLE>
     <FORKEY>ORDEN</FORKEY>
     <CHECKTABLE>AUFK</CHECKTABLE>
     <CHECKFIELD>AUFNR</CHECKFIELD>
     <PRIMPOS>0002</PRIMPOS>
     <DOMNAME>AUFNR</DOMNAME>
     <DATATYPE>CHAR</DATATYPE>
     <LENG>000012</LENG>
    </DD05M>
   </DD05M_TABLE>
   <DD08V_TABLE>
    <DD08V>
     <TABNAME>ZEPP1086_REP_LOG</TABNAME>
     <FIELDNAME>ORDEN</FIELDNAME>
     <DDLANGUAGE>S</DDLANGUAGE>
     <CHECKTABLE>AUFK</CHECKTABLE>
    </DD08V>
   </DD08V_TABLE>
  </asx:values>
 </asx:abap>
</abapGit>
