﻿<?xml version="1.0" encoding="utf-8"?>
<abapGit version="v1.0.0" serializer="LCL_OBJECT_NROB" serializer_version="v1.0.0">
 <asx:abap xmlns:asx="http://www.sap.com/abapxml" version="1.0">
  <asx:values>
   <ATTRIBUTES>
    <OBJECT>ZPP1086CAB</OBJECT>
    <DOMLEN>NUMC10</DOMLEN>
    <PERCENTAGE>5.0</PERCENTAGE>
   </ATTRIBUTES>
   <TEXT>
    <LANGU>S</LANGU>
    <OBJECT>ZPP1086CAB</OBJECT>
    <TXT>Rangos de números para ZTPP1086_CAB_LOG</TXT>
    <TXTSHORT>ZPP1086CAB</TXTSHORT>
   </TEXT>
  </asx:values>
 </asx:abap>
</abapGit>
