﻿<?xml version="1.0" encoding="utf-8"?>
<abapGit version="v1.0.0" serializer="LCL_OBJECT_SXCI" serializer_version="v1.0.0">
 <asx:abap xmlns:asx="http://www.sap.com/abapxml" version="1.0">
  <asx:values>
   <SXCI>
    <IMPLEMENTATION_DATA>
     <IMP_NAME>ZPP_BADI_1086</IMP_NAME>
     <TEXT>Notificaciones de órdenes automáticas de producción</TEXT>
     <IMP_CLASS>ZCL_IM_PP_BADI_1086</IMP_CLASS>
     <EXIT_NAME>WORKORDER_CONFIRM</EXIT_NAME>
     <INTER_NAME>IF_EX_WORKORDER_CONFIRM</INTER_NAME>
    </IMPLEMENTATION_DATA>
   </SXCI>
  </asx:values>
 </asx:abap>
</abapGit>
