﻿<?xml version="1.0" encoding="utf-8"?>
<abapGit version="v1.0.0" serializer="LCL_OBJECT_PROG" serializer_version="v1.0.0">
 <asx:abap xmlns:asx="http://www.sap.com/abapxml" version="1.0">
  <asx:values>
   <PROGDIR>
    <NAME>ZPPR1086V</NAME>
    <STATE>A</STATE>
    <VARCL>X</VARCL>
    <DBAPL>S</DBAPL>
    <DBNA>D$</DBNA>
    <SUBC>I</SUBC>
    <FIXPT>X</FIXPT>
    <LDBNAME>D$S</LDBNAME>
    <UCCHECK>X</UCCHECK>
   </PROGDIR>
   <TPOOL>
    <item>
     <ID>R</ID>
     <ENTRY>Datos globales y pantallas de selección</ENTRY>
     <LENGTH>39</LENGTH>
    </item>
   </TPOOL>
  </asx:values>
 </asx:abap>
</abapGit>
