﻿<?xml version="1.0" encoding="utf-8"?>
<abapGit version="v1.0.0" serializer="LCL_OBJECT_FUGR" serializer_version="v1.0.0">
 <asx:abap xmlns:asx="http://www.sap.com/abapxml" version="1.0">
  <asx:values>
   <AREAT>NOTIFICACIONES AUTOMÁTICAS</AREAT>
   <INCLUDES>
    <SOBJ_NAME>LZRFCPP1086D01</SOBJ_NAME>
    <SOBJ_NAME>LZRFCPP1086P01</SOBJ_NAME>
    <SOBJ_NAME>LZRFCPP1086TOP</SOBJ_NAME>
    <SOBJ_NAME>SAPLZRFCPP1086</SOBJ_NAME>
   </INCLUDES>
   <FUNCTIONS>
    <item>
     <FUNCNAME>Z_RFCPP1086_NOTIF_PENDIENTES</FUNCNAME>
     <REMOTE_CALL>R</REMOTE_CALL>
     <SHORT_TEXT>Notificación automática de fases pendientes</SHORT_TEXT>
     <IMPORT>
      <RSIMP>
       <PARAMETER>IP_IDLOG_CAB</PARAMETER>
       <OPTIONAL>X</OPTIONAL>
       <TYP>ZDT1086_LOGCAB</TYP>
      </RSIMP>
      <RSIMP>
       <PARAMETER>IP_IDLOG_DET</PARAMETER>
       <OPTIONAL>X</OPTIONAL>
       <TYP>BALOGNR</TYP>
      </RSIMP>
      <RSIMP>
       <PARAMETER>IS_AFRUD</PARAMETER>
       <OPTIONAL>X</OPTIONAL>
       <TYP>AFRUD</TYP>
      </RSIMP>
     </IMPORT>
     <DOCUMENTATION>
      <RSFDO>
       <PARAMETER>IP_IDLOG_CAB</PARAMETER>
       <KIND>P</KIND>
       <STEXT>Id de ZTPP1086_CAB_LOG</STEXT>
       <INDEX> 001</INDEX>
      </RSFDO>
      <RSFDO>
       <PARAMETER>IP_IDLOG_DET</PARAMETER>
       <KIND>P</KIND>
       <STEXT>Log de aplicación: Número de log</STEXT>
       <INDEX> 002</INDEX>
      </RSFDO>
      <RSFDO>
       <PARAMETER>IS_AFRUD</PARAMETER>
       <KIND>P</KIND>
       <INDEX> 003</INDEX>
      </RSFDO>
     </DOCUMENTATION>
    </item>
   </FUNCTIONS>
  </asx:values>
 </asx:abap>
</abapGit>
