﻿<?xml version="1.0" encoding="utf-8"?>
<abapGit version="v1.0.0" serializer="LCL_OBJECT_TABL" serializer_version="v1.0.0">
 <asx:abap xmlns:asx="http://www.sap.com/abapxml" version="1.0">
  <asx:values>
   <DD02V>
    <TABNAME>ZTPP1086_CAB_LOG</TABNAME>
    <DDLANGUAGE>S</DDLANGUAGE>
    <TABCLASS>TRANSP</TABCLASS>
    <CLIDEP>X</CLIDEP>
    <DDTEXT>Se almacenan los números de orden notificación y su estado</DDTEXT>
    <CONTFLAG>A</CONTFLAG>
    <EXCLASS>1</EXCLASS>
   </DD02V>
   <DD09L>
    <TABNAME>ZTPP1086_CAB_LOG</TABNAME>
    <AS4LOCAL>A</AS4LOCAL>
    <TABKAT>7</TABKAT>
    <TABART>APPL1</TABART>
    <BUFALLOW>N</BUFALLOW>
   </DD09L>
   <DD03P_TABLE>
    <DD03P>
     <TABNAME>ZTPP1086_CAB_LOG</TABNAME>
     <FIELDNAME>MANDT</FIELDNAME>
     <POSITION>0001</POSITION>
     <KEYFLAG>X</KEYFLAG>
     <ROLLNAME>MANDT</ROLLNAME>
     <ADMINFIELD>0</ADMINFIELD>
     <NOTNULL>X</NOTNULL>
     <COMPTYPE>E</COMPTYPE>
    </DD03P>
    <DD03P>
     <TABNAME>ZTPP1086_CAB_LOG</TABNAME>
     <FIELDNAME>IDLOG_CAB</FIELDNAME>
     <POSITION>0002</POSITION>
     <KEYFLAG>X</KEYFLAG>
     <ROLLNAME>ZDT1086_LOGCAB</ROLLNAME>
     <ADMINFIELD>0</ADMINFIELD>
     <NOTNULL>X</NOTNULL>
     <COMPTYPE>E</COMPTYPE>
    </DD03P>
    <DD03P>
     <TABNAME>ZTPP1086_CAB_LOG</TABNAME>
     <FIELDNAME>ORDEN</FIELDNAME>
     <POSITION>0003</POSITION>
     <ROLLNAME>AUFNR</ROLLNAME>
     <ADMINFIELD>0</ADMINFIELD>
     <COMPTYPE>E</COMPTYPE>
    </DD03P>
    <DD03P>
     <TABNAME>ZTPP1086_CAB_LOG</TABNAME>
     <FIELDNAME>USERCRE</FIELDNAME>
     <POSITION>0004</POSITION>
     <ROLLNAME>CRNAM</ROLLNAME>
     <ADMINFIELD>0</ADMINFIELD>
     <COMPTYPE>E</COMPTYPE>
    </DD03P>
    <DD03P>
     <TABNAME>ZTPP1086_CAB_LOG</TABNAME>
     <FIELDNAME>DATECRE</FIELDNAME>
     <POSITION>0005</POSITION>
     <ROLLNAME>CREATEDATE</ROLLNAME>
     <ADMINFIELD>0</ADMINFIELD>
     <SHLPORIGIN>T</SHLPORIGIN>
     <COMPTYPE>E</COMPTYPE>
    </DD03P>
    <DD03P>
     <TABNAME>ZTPP1086_CAB_LOG</TABNAME>
     <FIELDNAME>TIMECRE</FIELDNAME>
     <POSITION>0006</POSITION>
     <ROLLNAME>CREATETIME</ROLLNAME>
     <ADMINFIELD>0</ADMINFIELD>
     <SHLPORIGIN>T</SHLPORIGIN>
     <COMPTYPE>E</COMPTYPE>
    </DD03P>
    <DD03P>
     <TABNAME>ZTPP1086_CAB_LOG</TABNAME>
     <FIELDNAME>STATE</FIELDNAME>
     <POSITION>0007</POSITION>
     <ROLLNAME>ZDT1086_STATE</ROLLNAME>
     <ADMINFIELD>0</ADMINFIELD>
     <VALEXI>X</VALEXI>
     <SHLPORIGIN>F</SHLPORIGIN>
     <COMPTYPE>E</COMPTYPE>
    </DD03P>
    <DD03P>
     <TABNAME>ZTPP1086_CAB_LOG</TABNAME>
     <FIELDNAME>IS_WS</FIELDNAME>
     <POSITION>0008</POSITION>
     <ROLLNAME>POC_WEB_SERVICE_CALL</ROLLNAME>
     <ADMINFIELD>0</ADMINFIELD>
     <VALEXI>X</VALEXI>
     <SHLPORIGIN>F</SHLPORIGIN>
     <COMPTYPE>E</COMPTYPE>
    </DD03P>
   </DD03P_TABLE>
   <DD12V>
    <DD12V>
     <SQLTAB>ZTPP1086_CAB_LOG</SQLTAB>
     <INDEXNAME>ZCA</INDEXNAME>
     <AS4LOCAL>A</AS4LOCAL>
     <DDLANGUAGE>S</DDLANGUAGE>
     <DBINCLEXCL>E</DBINCLEXCL>
     <DDTEXT>Indice para orden de notificación</DDTEXT>
    </DD12V>
   </DD12V>
   <DD17V>
    <DD17V>
     <SQLTAB>ZTPP1086_CAB_LOG</SQLTAB>
     <INDEXNAME>ZCA</INDEXNAME>
     <POSITION>0001</POSITION>
     <AS4LOCAL>A</AS4LOCAL>
     <FIELDNAME>ORDEN</FIELDNAME>
    </DD17V>
   </DD17V>
  </asx:values>
 </asx:abap>
</abapGit>
