﻿<?xml version="1.0" encoding="utf-8"?>
<abapGit version="v1.0.0" serializer="LCL_OBJECT_TABL" serializer_version="v1.0.0">
 <asx:abap xmlns:asx="http://www.sap.com/abapxml" version="1.0">
  <asx:values>
   <DD02V>
    <TABNAME>ZTPP1086_CAB_DET</TABNAME>
    <DDLANGUAGE>S</DDLANGUAGE>
    <TABCLASS>TRANSP</TABCLASS>
    <CLIDEP>X</CLIDEP>
    <LANGDEP>X</LANGDEP>
    <DDTEXT>Se almacena el detalle de las fases de la órden y su estado</DDTEXT>
    <CONTFLAG>A</CONTFLAG>
    <EXCLASS>4</EXCLASS>
   </DD02V>
   <DD09L>
    <TABNAME>ZTPP1086_CAB_DET</TABNAME>
    <AS4LOCAL>A</AS4LOCAL>
    <TABKAT>7</TABKAT>
    <TABART>APPL1</TABART>
    <BUFALLOW>N</BUFALLOW>
   </DD09L>
   <DD03P_TABLE>
    <DD03P>
     <TABNAME>ZTPP1086_CAB_DET</TABNAME>
     <FIELDNAME>MANDT</FIELDNAME>
     <POSITION>0001</POSITION>
     <KEYFLAG>X</KEYFLAG>
     <ROLLNAME>MANDT</ROLLNAME>
     <ADMINFIELD>0</ADMINFIELD>
     <NOTNULL>X</NOTNULL>
     <COMPTYPE>E</COMPTYPE>
    </DD03P>
    <DD03P>
     <TABNAME>ZTPP1086_CAB_DET</TABNAME>
     <FIELDNAME>IDLOG_DET</FIELDNAME>
     <POSITION>0002</POSITION>
     <KEYFLAG>X</KEYFLAG>
     <ROLLNAME>BALOGNR</ROLLNAME>
     <ADMINFIELD>0</ADMINFIELD>
     <NOTNULL>X</NOTNULL>
     <COMPTYPE>E</COMPTYPE>
    </DD03P>
    <DD03P>
     <TABNAME>ZTPP1086_CAB_DET</TABNAME>
     <FIELDNAME>IDLOG_CAB</FIELDNAME>
     <POSITION>0003</POSITION>
     <ROLLNAME>ZDT1086_LOGCAB</ROLLNAME>
     <ADMINFIELD>0</ADMINFIELD>
     <COMPTYPE>E</COMPTYPE>
    </DD03P>
    <DD03P>
     <TABNAME>ZTPP1086_CAB_DET</TABNAME>
     <FIELDNAME>FASE</FIELDNAME>
     <POSITION>0004</POSITION>
     <ROLLNAME>VORNR</ROLLNAME>
     <ADMINFIELD>0</ADMINFIELD>
     <COMPTYPE>E</COMPTYPE>
    </DD03P>
    <DD03P>
     <TABNAME>ZTPP1086_CAB_DET</TABNAME>
     <FIELDNAME>USERCRE</FIELDNAME>
     <POSITION>0005</POSITION>
     <ROLLNAME>CRNAM</ROLLNAME>
     <ADMINFIELD>0</ADMINFIELD>
     <COMPTYPE>E</COMPTYPE>
    </DD03P>
    <DD03P>
     <TABNAME>ZTPP1086_CAB_DET</TABNAME>
     <FIELDNAME>DATECRE</FIELDNAME>
     <POSITION>0006</POSITION>
     <ROLLNAME>CREATEDATE</ROLLNAME>
     <ADMINFIELD>0</ADMINFIELD>
     <SHLPORIGIN>T</SHLPORIGIN>
     <COMPTYPE>E</COMPTYPE>
    </DD03P>
    <DD03P>
     <TABNAME>ZTPP1086_CAB_DET</TABNAME>
     <FIELDNAME>TIMECRE</FIELDNAME>
     <POSITION>0007</POSITION>
     <ROLLNAME>CREATETIME</ROLLNAME>
     <ADMINFIELD>0</ADMINFIELD>
     <SHLPORIGIN>T</SHLPORIGIN>
     <COMPTYPE>E</COMPTYPE>
    </DD03P>
    <DD03P>
     <TABNAME>ZTPP1086_CAB_DET</TABNAME>
     <FIELDNAME>USERMOD</FIELDNAME>
     <POSITION>0008</POSITION>
     <ROLLNAME>HAP_CHANGE_USER</ROLLNAME>
     <ADMINFIELD>0</ADMINFIELD>
     <COMPTYPE>E</COMPTYPE>
    </DD03P>
    <DD03P>
     <TABNAME>ZTPP1086_CAB_DET</TABNAME>
     <FIELDNAME>DATEMOD</FIELDNAME>
     <POSITION>0009</POSITION>
     <ROLLNAME>CHANGDATE</ROLLNAME>
     <ADMINFIELD>0</ADMINFIELD>
     <SHLPORIGIN>T</SHLPORIGIN>
     <COMPTYPE>E</COMPTYPE>
    </DD03P>
    <DD03P>
     <TABNAME>ZTPP1086_CAB_DET</TABNAME>
     <FIELDNAME>TIMEMOD</FIELDNAME>
     <POSITION>0010</POSITION>
     <ROLLNAME>CHANGTIME</ROLLNAME>
     <ADMINFIELD>0</ADMINFIELD>
     <SHLPORIGIN>T</SHLPORIGIN>
     <COMPTYPE>E</COMPTYPE>
    </DD03P>
    <DD03P>
     <TABNAME>ZTPP1086_CAB_DET</TABNAME>
     <FIELDNAME>USERNOT</FIELDNAME>
     <POSITION>0011</POSITION>
     <ROLLNAME>PPC_CONFUNAME</ROLLNAME>
     <ADMINFIELD>0</ADMINFIELD>
     <COMPTYPE>E</COMPTYPE>
    </DD03P>
    <DD03P>
     <TABNAME>ZTPP1086_CAB_DET</TABNAME>
     <FIELDNAME>DATENOT</FIELDNAME>
     <POSITION>0012</POSITION>
     <ROLLNAME>FM_NOTIFY_DATE</ROLLNAME>
     <ADMINFIELD>0</ADMINFIELD>
     <SHLPORIGIN>T</SHLPORIGIN>
     <COMPTYPE>E</COMPTYPE>
    </DD03P>
    <DD03P>
     <TABNAME>ZTPP1086_CAB_DET</TABNAME>
     <FIELDNAME>TIMENOT</FIELDNAME>
     <POSITION>0013</POSITION>
     <ROLLNAME>RTIM1</ROLLNAME>
     <ADMINFIELD>0</ADMINFIELD>
     <SHLPORIGIN>T</SHLPORIGIN>
     <COMPTYPE>E</COMPTYPE>
    </DD03P>
    <DD03P>
     <TABNAME>ZTPP1086_CAB_DET</TABNAME>
     <FIELDNAME>STATE</FIELDNAME>
     <POSITION>0014</POSITION>
     <ROLLNAME>ZDT1086_STATE</ROLLNAME>
     <ADMINFIELD>0</ADMINFIELD>
     <VALEXI>X</VALEXI>
     <SHLPORIGIN>F</SHLPORIGIN>
     <COMPTYPE>E</COMPTYPE>
    </DD03P>
    <DD03P>
     <TABNAME>ZTPP1086_CAB_DET</TABNAME>
     <FIELDNAME>IS_WS</FIELDNAME>
     <POSITION>0015</POSITION>
     <ROLLNAME>POC_WEB_SERVICE_CALL</ROLLNAME>
     <ADMINFIELD>0</ADMINFIELD>
     <VALEXI>X</VALEXI>
     <SHLPORIGIN>F</SHLPORIGIN>
     <COMPTYPE>E</COMPTYPE>
    </DD03P>
    <DD03P>
     <TABNAME>ZTPP1086_CAB_DET</TABNAME>
     <FIELDNAME>RUECK</FIELDNAME>
     <POSITION>0016</POSITION>
     <ROLLNAME>CO_RUECK</ROLLNAME>
     <ADMINFIELD>0</ADMINFIELD>
     <COMPTYPE>E</COMPTYPE>
    </DD03P>
    <DD03P>
     <TABNAME>ZTPP1086_CAB_DET</TABNAME>
     <FIELDNAME>RMZHL</FIELDNAME>
     <POSITION>0017</POSITION>
     <ROLLNAME>CO_RMZHL</ROLLNAME>
     <ADMINFIELD>0</ADMINFIELD>
     <COMPTYPE>E</COMPTYPE>
    </DD03P>
    <DD03P>
     <TABNAME>ZTPP1086_CAB_DET</TABNAME>
     <FIELDNAME>ERSDA</FIELDNAME>
     <POSITION>0018</POSITION>
     <ROLLNAME>RU_ERSDA</ROLLNAME>
     <ADMINFIELD>0</ADMINFIELD>
     <SHLPORIGIN>T</SHLPORIGIN>
     <COMPTYPE>E</COMPTYPE>
    </DD03P>
    <DD03P>
     <TABNAME>ZTPP1086_CAB_DET</TABNAME>
     <FIELDNAME>ERNAM</FIELDNAME>
     <POSITION>0019</POSITION>
     <ROLLNAME>RU_ERNAM</ROLLNAME>
     <ADMINFIELD>0</ADMINFIELD>
     <COMPTYPE>E</COMPTYPE>
    </DD03P>
    <DD03P>
     <TABNAME>ZTPP1086_CAB_DET</TABNAME>
     <FIELDNAME>LAEDA</FIELDNAME>
     <POSITION>0020</POSITION>
     <ROLLNAME>LAEDA</ROLLNAME>
     <ADMINFIELD>0</ADMINFIELD>
     <SHLPORIGIN>T</SHLPORIGIN>
     <COMPTYPE>E</COMPTYPE>
    </DD03P>
    <DD03P>
     <TABNAME>ZTPP1086_CAB_DET</TABNAME>
     <FIELDNAME>AENAM</FIELDNAME>
     <POSITION>0021</POSITION>
     <ROLLNAME>AENAM</ROLLNAME>
     <ADMINFIELD>0</ADMINFIELD>
     <COMPTYPE>E</COMPTYPE>
    </DD03P>
    <DD03P>
     <TABNAME>ZTPP1086_CAB_DET</TABNAME>
     <FIELDNAME>BUDAT</FIELDNAME>
     <POSITION>0022</POSITION>
     <ROLLNAME>BUCHDATUM</ROLLNAME>
     <ADMINFIELD>0</ADMINFIELD>
     <SHLPORIGIN>T</SHLPORIGIN>
     <COMPTYPE>E</COMPTYPE>
    </DD03P>
    <DD03P>
     <TABNAME>ZTPP1086_CAB_DET</TABNAME>
     <FIELDNAME>ARBID</FIELDNAME>
     <POSITION>0023</POSITION>
     <ROLLNAME>OBJEKTID</ROLLNAME>
     <ADMINFIELD>0</ADMINFIELD>
     <COMPTYPE>E</COMPTYPE>
    </DD03P>
    <DD03P>
     <TABNAME>ZTPP1086_CAB_DET</TABNAME>
     <FIELDNAME>WERKS</FIELDNAME>
     <POSITION>0024</POSITION>
     <ROLLNAME>WERKS_D</ROLLNAME>
     <ADMINFIELD>0</ADMINFIELD>
     <SHLPORIGIN>D</SHLPORIGIN>
     <COMPTYPE>E</COMPTYPE>
    </DD03P>
    <DD03P>
     <TABNAME>ZTPP1086_CAB_DET</TABNAME>
     <FIELDNAME>LTXA1</FIELDNAME>
     <POSITION>0025</POSITION>
     <ROLLNAME>CO_RTEXT</ROLLNAME>
     <ADMINFIELD>0</ADMINFIELD>
     <COMPTYPE>E</COMPTYPE>
    </DD03P>
    <DD03P>
     <TABNAME>ZTPP1086_CAB_DET</TABNAME>
     <FIELDNAME>TXTSP</FIELDNAME>
     <POSITION>0026</POSITION>
     <ROLLNAME>SPRAS</ROLLNAME>
     <ADMINFIELD>0</ADMINFIELD>
     <SHLPORIGIN>D</SHLPORIGIN>
     <COMPTYPE>E</COMPTYPE>
     <LANGUFLAG>X</LANGUFLAG>
    </DD03P>
    <DD03P>
     <TABNAME>ZTPP1086_CAB_DET</TABNAME>
     <FIELDNAME>ISERH</FIELDNAME>
     <POSITION>0027</POSITION>
     <ROLLNAME>ISERH</ROLLNAME>
     <ADMINFIELD>0</ADMINFIELD>
     <REFTABLE>ZTPP1086_CAB_DET</REFTABLE>
     <REFFIELD>ZEIER</REFFIELD>
     <COMPTYPE>E</COMPTYPE>
    </DD03P>
    <DD03P>
     <TABNAME>ZTPP1086_CAB_DET</TABNAME>
     <FIELDNAME>ZEIER</FIELDNAME>
     <POSITION>0028</POSITION>
     <ROLLNAME>DZEIER</ROLLNAME>
     <ADMINFIELD>0</ADMINFIELD>
     <COMPTYPE>E</COMPTYPE>
    </DD03P>
    <DD03P>
     <TABNAME>ZTPP1086_CAB_DET</TABNAME>
     <FIELDNAME>ILE01</FIELDNAME>
     <POSITION>0029</POSITION>
     <ROLLNAME>CO_ISMNGEH</ROLLNAME>
     <ADMINFIELD>0</ADMINFIELD>
     <COMPTYPE>E</COMPTYPE>
    </DD03P>
    <DD03P>
     <TABNAME>ZTPP1086_CAB_DET</TABNAME>
     <FIELDNAME>ISM01</FIELDNAME>
     <POSITION>0030</POSITION>
     <ROLLNAME>RU_ISMNG</ROLLNAME>
     <ADMINFIELD>0</ADMINFIELD>
     <REFTABLE>ZTPP1086_CAB_DET</REFTABLE>
     <REFFIELD>ILE01</REFFIELD>
     <COMPTYPE>E</COMPTYPE>
    </DD03P>
    <DD03P>
     <TABNAME>ZTPP1086_CAB_DET</TABNAME>
     <FIELDNAME>ILE02</FIELDNAME>
     <POSITION>0031</POSITION>
     <ROLLNAME>CO_ISMNGEH</ROLLNAME>
     <ADMINFIELD>0</ADMINFIELD>
     <COMPTYPE>E</COMPTYPE>
    </DD03P>
    <DD03P>
     <TABNAME>ZTPP1086_CAB_DET</TABNAME>
     <FIELDNAME>ISM02</FIELDNAME>
     <POSITION>0032</POSITION>
     <ROLLNAME>RU_ISMNG</ROLLNAME>
     <ADMINFIELD>0</ADMINFIELD>
     <REFTABLE>ZTPP1086_CAB_DET</REFTABLE>
     <REFFIELD>ILE02</REFFIELD>
     <COMPTYPE>E</COMPTYPE>
    </DD03P>
    <DD03P>
     <TABNAME>ZTPP1086_CAB_DET</TABNAME>
     <FIELDNAME>ILE03</FIELDNAME>
     <POSITION>0033</POSITION>
     <ROLLNAME>CO_ISMNGEH</ROLLNAME>
     <ADMINFIELD>0</ADMINFIELD>
     <COMPTYPE>E</COMPTYPE>
    </DD03P>
    <DD03P>
     <TABNAME>ZTPP1086_CAB_DET</TABNAME>
     <FIELDNAME>ISM03</FIELDNAME>
     <POSITION>0034</POSITION>
     <ROLLNAME>RU_ISMNG</ROLLNAME>
     <ADMINFIELD>0</ADMINFIELD>
     <REFTABLE>ZTPP1086_CAB_DET</REFTABLE>
     <REFFIELD>ILE03</REFFIELD>
     <COMPTYPE>E</COMPTYPE>
    </DD03P>
    <DD03P>
     <TABNAME>ZTPP1086_CAB_DET</TABNAME>
     <FIELDNAME>ILE04</FIELDNAME>
     <POSITION>0035</POSITION>
     <ROLLNAME>CO_ISMNGEH</ROLLNAME>
     <ADMINFIELD>0</ADMINFIELD>
     <COMPTYPE>E</COMPTYPE>
    </DD03P>
    <DD03P>
     <TABNAME>ZTPP1086_CAB_DET</TABNAME>
     <FIELDNAME>ISM04</FIELDNAME>
     <POSITION>0036</POSITION>
     <ROLLNAME>RU_ISMNG</ROLLNAME>
     <ADMINFIELD>0</ADMINFIELD>
     <REFTABLE>ZTPP1086_CAB_DET</REFTABLE>
     <REFFIELD>ILE04</REFFIELD>
     <COMPTYPE>E</COMPTYPE>
    </DD03P>
    <DD03P>
     <TABNAME>ZTPP1086_CAB_DET</TABNAME>
     <FIELDNAME>ILE05</FIELDNAME>
     <POSITION>0037</POSITION>
     <ROLLNAME>CO_ISMNGEH</ROLLNAME>
     <ADMINFIELD>0</ADMINFIELD>
     <COMPTYPE>E</COMPTYPE>
    </DD03P>
    <DD03P>
     <TABNAME>ZTPP1086_CAB_DET</TABNAME>
     <FIELDNAME>ISM05</FIELDNAME>
     <POSITION>0038</POSITION>
     <ROLLNAME>RU_ISMNG</ROLLNAME>
     <ADMINFIELD>0</ADMINFIELD>
     <REFTABLE>ZTPP1086_CAB_DET</REFTABLE>
     <REFFIELD>ILE05</REFFIELD>
     <COMPTYPE>E</COMPTYPE>
    </DD03P>
    <DD03P>
     <TABNAME>ZTPP1086_CAB_DET</TABNAME>
     <FIELDNAME>ILE06</FIELDNAME>
     <POSITION>0039</POSITION>
     <ROLLNAME>CO_ISMNGEH</ROLLNAME>
     <ADMINFIELD>0</ADMINFIELD>
     <COMPTYPE>E</COMPTYPE>
    </DD03P>
    <DD03P>
     <TABNAME>ZTPP1086_CAB_DET</TABNAME>
     <FIELDNAME>ISM06</FIELDNAME>
     <POSITION>0040</POSITION>
     <ROLLNAME>RU_ISMNG</ROLLNAME>
     <ADMINFIELD>0</ADMINFIELD>
     <REFTABLE>ZTPP1086_CAB_DET</REFTABLE>
     <REFFIELD>ILE06</REFFIELD>
     <COMPTYPE>E</COMPTYPE>
    </DD03P>
    <DD03P>
     <TABNAME>ZTPP1086_CAB_DET</TABNAME>
     <FIELDNAME>ABARB</FIELDNAME>
     <POSITION>0041</POSITION>
     <ROLLNAME>CO_ABARB</ROLLNAME>
     <ADMINFIELD>0</ADMINFIELD>
     <COMPTYPE>E</COMPTYPE>
    </DD03P>
    <DD03P>
     <TABNAME>ZTPP1086_CAB_DET</TABNAME>
     <FIELDNAME>ISMNW</FIELDNAME>
     <POSITION>0042</POSITION>
     <ROLLNAME>ISMNW</ROLLNAME>
     <ADMINFIELD>0</ADMINFIELD>
     <REFTABLE>ZTPP1086_CAB_DET</REFTABLE>
     <REFFIELD>ISMNE</REFFIELD>
     <COMPTYPE>E</COMPTYPE>
    </DD03P>
    <DD03P>
     <TABNAME>ZTPP1086_CAB_DET</TABNAME>
     <FIELDNAME>ISMNE</FIELDNAME>
     <POSITION>0043</POSITION>
     <ROLLNAME>ARBEITE</ROLLNAME>
     <ADMINFIELD>0</ADMINFIELD>
     <COMPTYPE>E</COMPTYPE>
    </DD03P>
    <DD03P>
     <TABNAME>ZTPP1086_CAB_DET</TABNAME>
     <FIELDNAME>LEARR</FIELDNAME>
     <POSITION>0044</POSITION>
     <ROLLNAME>LEARR</ROLLNAME>
     <ADMINFIELD>0</ADMINFIELD>
     <COMPTYPE>E</COMPTYPE>
    </DD03P>
    <DD03P>
     <TABNAME>ZTPP1086_CAB_DET</TABNAME>
     <FIELDNAME>IDAUR</FIELDNAME>
     <POSITION>0045</POSITION>
     <ROLLNAME>IDAUR</ROLLNAME>
     <ADMINFIELD>0</ADMINFIELD>
     <REFTABLE>ZTPP1086_CAB_DET</REFTABLE>
     <REFFIELD>IDAUE</REFFIELD>
     <COMPTYPE>E</COMPTYPE>
    </DD03P>
    <DD03P>
     <TABNAME>ZTPP1086_CAB_DET</TABNAME>
     <FIELDNAME>IDAUE</FIELDNAME>
     <POSITION>0046</POSITION>
     <ROLLNAME>IDAURE</ROLLNAME>
     <ADMINFIELD>0</ADMINFIELD>
     <COMPTYPE>E</COMPTYPE>
    </DD03P>
    <DD03P>
     <TABNAME>ZTPP1086_CAB_DET</TABNAME>
     <FIELDNAME>ZCODE</FIELDNAME>
     <POSITION>0047</POSITION>
     <ROLLNAME>DZCODE</ROLLNAME>
     <ADMINFIELD>0</ADMINFIELD>
     <COMPTYPE>E</COMPTYPE>
    </DD03P>
    <DD03P>
     <TABNAME>ZTPP1086_CAB_DET</TABNAME>
     <FIELDNAME>LOART</FIELDNAME>
     <POSITION>0048</POSITION>
     <ROLLNAME>LOHNART</ROLLNAME>
     <ADMINFIELD>0</ADMINFIELD>
     <COMPTYPE>E</COMPTYPE>
    </DD03P>
    <DD03P>
     <TABNAME>ZTPP1086_CAB_DET</TABNAME>
     <FIELDNAME>QUALF</FIELDNAME>
     <POSITION>0049</POSITION>
     <ROLLNAME>QUALF</ROLLNAME>
     <ADMINFIELD>0</ADMINFIELD>
     <COMPTYPE>E</COMPTYPE>
    </DD03P>
    <DD03P>
     <TABNAME>ZTPP1086_CAB_DET</TABNAME>
     <FIELDNAME>ANZMA</FIELDNAME>
     <POSITION>0050</POSITION>
     <ROLLNAME>ANZMS</ROLLNAME>
     <ADMINFIELD>0</ADMINFIELD>
     <COMPTYPE>E</COMPTYPE>
    </DD03P>
    <DD03P>
     <TABNAME>ZTPP1086_CAB_DET</TABNAME>
     <FIELDNAME>LOGRP</FIELDNAME>
     <POSITION>0051</POSITION>
     <ROLLNAME>LOHNGRP</ROLLNAME>
     <ADMINFIELD>0</ADMINFIELD>
     <COMPTYPE>E</COMPTYPE>
    </DD03P>
    <DD03P>
     <TABNAME>ZTPP1086_CAB_DET</TABNAME>
     <FIELDNAME>GMNGA</FIELDNAME>
     <POSITION>0052</POSITION>
     <ROLLNAME>RU_GMNGA</ROLLNAME>
     <ADMINFIELD>0</ADMINFIELD>
     <REFTABLE>ZTPP1086_CAB_DET</REFTABLE>
     <REFFIELD>GMEIN</REFFIELD>
     <COMPTYPE>E</COMPTYPE>
    </DD03P>
    <DD03P>
     <TABNAME>ZTPP1086_CAB_DET</TABNAME>
     <FIELDNAME>LMNGA</FIELDNAME>
     <POSITION>0053</POSITION>
     <ROLLNAME>RU_LMNGA</ROLLNAME>
     <ADMINFIELD>0</ADMINFIELD>
     <REFTABLE>ZTPP1086_CAB_DET</REFTABLE>
     <REFFIELD>MEINH</REFFIELD>
     <COMPTYPE>E</COMPTYPE>
    </DD03P>
    <DD03P>
     <TABNAME>ZTPP1086_CAB_DET</TABNAME>
     <FIELDNAME>XMNGA</FIELDNAME>
     <POSITION>0054</POSITION>
     <ROLLNAME>RU_XMNGA</ROLLNAME>
     <ADMINFIELD>0</ADMINFIELD>
     <REFTABLE>ZTPP1086_CAB_DET</REFTABLE>
     <REFFIELD>MEINH</REFFIELD>
     <COMPTYPE>E</COMPTYPE>
    </DD03P>
    <DD03P>
     <TABNAME>ZTPP1086_CAB_DET</TABNAME>
     <FIELDNAME>GMEIN</FIELDNAME>
     <POSITION>0055</POSITION>
     <ROLLNAME>MEINS</ROLLNAME>
     <ADMINFIELD>0</ADMINFIELD>
     <COMPTYPE>E</COMPTYPE>
    </DD03P>
    <DD03P>
     <TABNAME>ZTPP1086_CAB_DET</TABNAME>
     <FIELDNAME>MEINH</FIELDNAME>
     <POSITION>0056</POSITION>
     <ROLLNAME>RU_VORME</ROLLNAME>
     <ADMINFIELD>0</ADMINFIELD>
     <COMPTYPE>E</COMPTYPE>
    </DD03P>
    <DD03P>
     <TABNAME>ZTPP1086_CAB_DET</TABNAME>
     <FIELDNAME>GRUND</FIELDNAME>
     <POSITION>0057</POSITION>
     <ROLLNAME>CO_AGRND</ROLLNAME>
     <ADMINFIELD>0</ADMINFIELD>
     <COMPTYPE>E</COMPTYPE>
    </DD03P>
    <DD03P>
     <TABNAME>ZTPP1086_CAB_DET</TABNAME>
     <FIELDNAME>PERNR</FIELDNAME>
     <POSITION>0058</POSITION>
     <ROLLNAME>CO_PERNR</ROLLNAME>
     <ADMINFIELD>0</ADMINFIELD>
     <COMPTYPE>E</COMPTYPE>
    </DD03P>
    <DD03P>
     <TABNAME>ZTPP1086_CAB_DET</TABNAME>
     <FIELDNAME>ISDD</FIELDNAME>
     <POSITION>0059</POSITION>
     <ROLLNAME>RU_ISDD</ROLLNAME>
     <ADMINFIELD>0</ADMINFIELD>
     <SHLPORIGIN>T</SHLPORIGIN>
     <COMPTYPE>E</COMPTYPE>
    </DD03P>
    <DD03P>
     <TABNAME>ZTPP1086_CAB_DET</TABNAME>
     <FIELDNAME>ISDZ</FIELDNAME>
     <POSITION>0060</POSITION>
     <ROLLNAME>RU_ISDZ</ROLLNAME>
     <ADMINFIELD>0</ADMINFIELD>
     <SHLPORIGIN>T</SHLPORIGIN>
     <COMPTYPE>E</COMPTYPE>
    </DD03P>
    <DD03P>
     <TABNAME>ZTPP1086_CAB_DET</TABNAME>
     <FIELDNAME>IERD</FIELDNAME>
     <POSITION>0061</POSITION>
     <ROLLNAME>RU_IERD</ROLLNAME>
     <ADMINFIELD>0</ADMINFIELD>
     <SHLPORIGIN>T</SHLPORIGIN>
     <COMPTYPE>E</COMPTYPE>
    </DD03P>
    <DD03P>
     <TABNAME>ZTPP1086_CAB_DET</TABNAME>
     <FIELDNAME>IERZ</FIELDNAME>
     <POSITION>0062</POSITION>
     <ROLLNAME>RU_IERZ</ROLLNAME>
     <ADMINFIELD>0</ADMINFIELD>
     <SHLPORIGIN>T</SHLPORIGIN>
     <COMPTYPE>E</COMPTYPE>
    </DD03P>
    <DD03P>
     <TABNAME>ZTPP1086_CAB_DET</TABNAME>
     <FIELDNAME>ISBD</FIELDNAME>
     <POSITION>0063</POSITION>
     <ROLLNAME>RU_ISBD</ROLLNAME>
     <ADMINFIELD>0</ADMINFIELD>
     <SHLPORIGIN>T</SHLPORIGIN>
     <COMPTYPE>E</COMPTYPE>
    </DD03P>
    <DD03P>
     <TABNAME>ZTPP1086_CAB_DET</TABNAME>
     <FIELDNAME>ISBZ</FIELDNAME>
     <POSITION>0064</POSITION>
     <ROLLNAME>RU_ISBZ</ROLLNAME>
     <ADMINFIELD>0</ADMINFIELD>
     <SHLPORIGIN>T</SHLPORIGIN>
     <COMPTYPE>E</COMPTYPE>
    </DD03P>
    <DD03P>
     <TABNAME>ZTPP1086_CAB_DET</TABNAME>
     <FIELDNAME>IEBD</FIELDNAME>
     <POSITION>0065</POSITION>
     <ROLLNAME>RU_IEBD</ROLLNAME>
     <ADMINFIELD>0</ADMINFIELD>
     <SHLPORIGIN>T</SHLPORIGIN>
     <COMPTYPE>E</COMPTYPE>
    </DD03P>
    <DD03P>
     <TABNAME>ZTPP1086_CAB_DET</TABNAME>
     <FIELDNAME>IEBZ</FIELDNAME>
     <POSITION>0066</POSITION>
     <ROLLNAME>RU_IEBZ</ROLLNAME>
     <ADMINFIELD>0</ADMINFIELD>
     <SHLPORIGIN>T</SHLPORIGIN>
     <COMPTYPE>E</COMPTYPE>
    </DD03P>
    <DD03P>
     <TABNAME>ZTPP1086_CAB_DET</TABNAME>
     <FIELDNAME>ISAD</FIELDNAME>
     <POSITION>0067</POSITION>
     <ROLLNAME>RU_ISAD</ROLLNAME>
     <ADMINFIELD>0</ADMINFIELD>
     <SHLPORIGIN>T</SHLPORIGIN>
     <COMPTYPE>E</COMPTYPE>
    </DD03P>
    <DD03P>
     <TABNAME>ZTPP1086_CAB_DET</TABNAME>
     <FIELDNAME>ISAZ</FIELDNAME>
     <POSITION>0068</POSITION>
     <ROLLNAME>RU_ISAZ</ROLLNAME>
     <ADMINFIELD>0</ADMINFIELD>
     <SHLPORIGIN>T</SHLPORIGIN>
     <COMPTYPE>E</COMPTYPE>
    </DD03P>
    <DD03P>
     <TABNAME>ZTPP1086_CAB_DET</TABNAME>
     <FIELDNAME>IEDD</FIELDNAME>
     <POSITION>0069</POSITION>
     <ROLLNAME>RU_IEDD</ROLLNAME>
     <ADMINFIELD>0</ADMINFIELD>
     <SHLPORIGIN>T</SHLPORIGIN>
     <COMPTYPE>E</COMPTYPE>
    </DD03P>
    <DD03P>
     <TABNAME>ZTPP1086_CAB_DET</TABNAME>
     <FIELDNAME>IEDZ</FIELDNAME>
     <POSITION>0070</POSITION>
     <ROLLNAME>RU_IEDZ</ROLLNAME>
     <ADMINFIELD>0</ADMINFIELD>
     <SHLPORIGIN>T</SHLPORIGIN>
     <COMPTYPE>E</COMPTYPE>
    </DD03P>
    <DD03P>
     <TABNAME>ZTPP1086_CAB_DET</TABNAME>
     <FIELDNAME>PEDD</FIELDNAME>
     <POSITION>0071</POSITION>
     <ROLLNAME>CO_PEDD</ROLLNAME>
     <ADMINFIELD>0</ADMINFIELD>
     <SHLPORIGIN>T</SHLPORIGIN>
     <COMPTYPE>E</COMPTYPE>
    </DD03P>
    <DD03P>
     <TABNAME>ZTPP1086_CAB_DET</TABNAME>
     <FIELDNAME>PEDZ</FIELDNAME>
     <POSITION>0072</POSITION>
     <ROLLNAME>CO_PEDZ</ROLLNAME>
     <ADMINFIELD>0</ADMINFIELD>
     <SHLPORIGIN>T</SHLPORIGIN>
     <COMPTYPE>E</COMPTYPE>
    </DD03P>
    <DD03P>
     <TABNAME>ZTPP1086_CAB_DET</TABNAME>
     <FIELDNAME>WABLNR</FIELDNAME>
     <POSITION>0073</POSITION>
     <ROLLNAME>MBLNR</ROLLNAME>
     <ADMINFIELD>0</ADMINFIELD>
     <COMPTYPE>E</COMPTYPE>
    </DD03P>
    <DD03P>
     <TABNAME>ZTPP1086_CAB_DET</TABNAME>
     <FIELDNAME>WEBLNR</FIELDNAME>
     <POSITION>0074</POSITION>
     <ROLLNAME>WEBLNR</ROLLNAME>
     <ADMINFIELD>0</ADMINFIELD>
     <COMPTYPE>E</COMPTYPE>
    </DD03P>
    <DD03P>
     <TABNAME>ZTPP1086_CAB_DET</TABNAME>
     <FIELDNAME>AUERU</FIELDNAME>
     <POSITION>0075</POSITION>
     <ROLLNAME>AUERU_VS</ROLLNAME>
     <ADMINFIELD>0</ADMINFIELD>
     <VALEXI>X</VALEXI>
     <SHLPORIGIN>F</SHLPORIGIN>
     <COMPTYPE>E</COMPTYPE>
    </DD03P>
    <DD03P>
     <TABNAME>ZTPP1086_CAB_DET</TABNAME>
     <FIELDNAME>AUSOR</FIELDNAME>
     <POSITION>0076</POSITION>
     <ROLLNAME>AUSBU</ROLLNAME>
     <ADMINFIELD>0</ADMINFIELD>
     <VALEXI>X</VALEXI>
     <SHLPORIGIN>F</SHLPORIGIN>
     <COMPTYPE>E</COMPTYPE>
    </DD03P>
    <DD03P>
     <TABNAME>ZTPP1086_CAB_DET</TABNAME>
     <FIELDNAME>STNDR</FIELDNAME>
     <POSITION>0077</POSITION>
     <ROLLNAME>STNDR</ROLLNAME>
     <ADMINFIELD>0</ADMINFIELD>
     <VALEXI>X</VALEXI>
     <SHLPORIGIN>F</SHLPORIGIN>
     <COMPTYPE>E</COMPTYPE>
    </DD03P>
    <DD03P>
     <TABNAME>ZTPP1086_CAB_DET</TABNAME>
     <FIELDNAME>MANUR</FIELDNAME>
     <POSITION>0078</POSITION>
     <ROLLNAME>MANUR</ROLLNAME>
     <ADMINFIELD>0</ADMINFIELD>
     <VALEXI>X</VALEXI>
     <SHLPORIGIN>F</SHLPORIGIN>
     <COMPTYPE>E</COMPTYPE>
    </DD03P>
    <DD03P>
     <TABNAME>ZTPP1086_CAB_DET</TABNAME>
     <FIELDNAME>MEILR</FIELDNAME>
     <POSITION>0079</POSITION>
     <ROLLNAME>MEILR</ROLLNAME>
     <ADMINFIELD>0</ADMINFIELD>
     <VALEXI>X</VALEXI>
     <SHLPORIGIN>F</SHLPORIGIN>
     <COMPTYPE>E</COMPTYPE>
    </DD03P>
    <DD03P>
     <TABNAME>ZTPP1086_CAB_DET</TABNAME>
     <FIELDNAME>AUFPL</FIELDNAME>
     <POSITION>0080</POSITION>
     <ROLLNAME>CO_AUFPL</ROLLNAME>
     <ADMINFIELD>0</ADMINFIELD>
     <COMPTYPE>E</COMPTYPE>
    </DD03P>
    <DD03P>
     <TABNAME>ZTPP1086_CAB_DET</TABNAME>
     <FIELDNAME>APLZL</FIELDNAME>
     <POSITION>0081</POSITION>
     <ROLLNAME>CO_APLZL</ROLLNAME>
     <ADMINFIELD>0</ADMINFIELD>
     <COMPTYPE>E</COMPTYPE>
    </DD03P>
    <DD03P>
     <TABNAME>ZTPP1086_CAB_DET</TABNAME>
     <FIELDNAME>AUFNR</FIELDNAME>
     <POSITION>0082</POSITION>
     <ROLLNAME>AUFNR</ROLLNAME>
     <ADMINFIELD>0</ADMINFIELD>
     <COMPTYPE>E</COMPTYPE>
    </DD03P>
    <DD03P>
     <TABNAME>ZTPP1086_CAB_DET</TABNAME>
     <FIELDNAME>APLFL</FIELDNAME>
     <POSITION>0083</POSITION>
     <ROLLNAME>PLNFOLGE</ROLLNAME>
     <ADMINFIELD>0</ADMINFIELD>
     <COMPTYPE>E</COMPTYPE>
    </DD03P>
    <DD03P>
     <TABNAME>ZTPP1086_CAB_DET</TABNAME>
     <FIELDNAME>VORNR</FIELDNAME>
     <POSITION>0084</POSITION>
     <ROLLNAME>VORNR</ROLLNAME>
     <ADMINFIELD>0</ADMINFIELD>
     <COMPTYPE>E</COMPTYPE>
    </DD03P>
    <DD03P>
     <TABNAME>ZTPP1086_CAB_DET</TABNAME>
     <FIELDNAME>SUMNR</FIELDNAME>
     <POSITION>0085</POSITION>
     <ROLLNAME>SUMKNTNR</ROLLNAME>
     <ADMINFIELD>0</ADMINFIELD>
     <COMPTYPE>E</COMPTYPE>
    </DD03P>
    <DD03P>
     <TABNAME>ZTPP1086_CAB_DET</TABNAME>
     <FIELDNAME>OFM01</FIELDNAME>
     <POSITION>0086</POSITION>
     <ROLLNAME>CO_SCHAETZ</ROLLNAME>
     <ADMINFIELD>0</ADMINFIELD>
     <REFTABLE>ZTPP1086_CAB_DET</REFTABLE>
     <REFFIELD>OFE01</REFFIELD>
     <COMPTYPE>E</COMPTYPE>
    </DD03P>
    <DD03P>
     <TABNAME>ZTPP1086_CAB_DET</TABNAME>
     <FIELDNAME>OFE01</FIELDNAME>
     <POSITION>0087</POSITION>
     <ROLLNAME>RU_PROGVGE</ROLLNAME>
     <ADMINFIELD>0</ADMINFIELD>
     <COMPTYPE>E</COMPTYPE>
    </DD03P>
    <DD03P>
     <TABNAME>ZTPP1086_CAB_DET</TABNAME>
     <FIELDNAME>LEK01</FIELDNAME>
     <POSITION>0088</POSITION>
     <ROLLNAME>CO_LEIKZ</ROLLNAME>
     <ADMINFIELD>0</ADMINFIELD>
     <VALEXI>X</VALEXI>
     <SHLPORIGIN>F</SHLPORIGIN>
     <COMPTYPE>E</COMPTYPE>
    </DD03P>
    <DD03P>
     <TABNAME>ZTPP1086_CAB_DET</TABNAME>
     <FIELDNAME>OFM02</FIELDNAME>
     <POSITION>0089</POSITION>
     <ROLLNAME>CO_SCHAETZ</ROLLNAME>
     <ADMINFIELD>0</ADMINFIELD>
     <REFTABLE>ZTPP1086_CAB_DET</REFTABLE>
     <REFFIELD>OFE02</REFFIELD>
     <COMPTYPE>E</COMPTYPE>
    </DD03P>
    <DD03P>
     <TABNAME>ZTPP1086_CAB_DET</TABNAME>
     <FIELDNAME>OFE02</FIELDNAME>
     <POSITION>0090</POSITION>
     <ROLLNAME>RU_PROGVGE</ROLLNAME>
     <ADMINFIELD>0</ADMINFIELD>
     <COMPTYPE>E</COMPTYPE>
    </DD03P>
    <DD03P>
     <TABNAME>ZTPP1086_CAB_DET</TABNAME>
     <FIELDNAME>LEK02</FIELDNAME>
     <POSITION>0091</POSITION>
     <ROLLNAME>CO_LEIKZ</ROLLNAME>
     <ADMINFIELD>0</ADMINFIELD>
     <VALEXI>X</VALEXI>
     <SHLPORIGIN>F</SHLPORIGIN>
     <COMPTYPE>E</COMPTYPE>
    </DD03P>
    <DD03P>
     <TABNAME>ZTPP1086_CAB_DET</TABNAME>
     <FIELDNAME>OFM03</FIELDNAME>
     <POSITION>0092</POSITION>
     <ROLLNAME>CO_SCHAETZ</ROLLNAME>
     <ADMINFIELD>0</ADMINFIELD>
     <REFTABLE>ZTPP1086_CAB_DET</REFTABLE>
     <REFFIELD>OFE03</REFFIELD>
     <COMPTYPE>E</COMPTYPE>
    </DD03P>
    <DD03P>
     <TABNAME>ZTPP1086_CAB_DET</TABNAME>
     <FIELDNAME>OFE03</FIELDNAME>
     <POSITION>0093</POSITION>
     <ROLLNAME>RU_PROGVGE</ROLLNAME>
     <ADMINFIELD>0</ADMINFIELD>
     <COMPTYPE>E</COMPTYPE>
    </DD03P>
    <DD03P>
     <TABNAME>ZTPP1086_CAB_DET</TABNAME>
     <FIELDNAME>LEK03</FIELDNAME>
     <POSITION>0094</POSITION>
     <ROLLNAME>CO_LEIKZ</ROLLNAME>
     <ADMINFIELD>0</ADMINFIELD>
     <VALEXI>X</VALEXI>
     <SHLPORIGIN>F</SHLPORIGIN>
     <COMPTYPE>E</COMPTYPE>
    </DD03P>
    <DD03P>
     <TABNAME>ZTPP1086_CAB_DET</TABNAME>
     <FIELDNAME>OFM04</FIELDNAME>
     <POSITION>0095</POSITION>
     <ROLLNAME>CO_SCHAETZ</ROLLNAME>
     <ADMINFIELD>0</ADMINFIELD>
     <REFTABLE>ZTPP1086_CAB_DET</REFTABLE>
     <REFFIELD>OFE04</REFFIELD>
     <COMPTYPE>E</COMPTYPE>
    </DD03P>
    <DD03P>
     <TABNAME>ZTPP1086_CAB_DET</TABNAME>
     <FIELDNAME>OFE04</FIELDNAME>
     <POSITION>0096</POSITION>
     <ROLLNAME>RU_PROGVGE</ROLLNAME>
     <ADMINFIELD>0</ADMINFIELD>
     <COMPTYPE>E</COMPTYPE>
    </DD03P>
    <DD03P>
     <TABNAME>ZTPP1086_CAB_DET</TABNAME>
     <FIELDNAME>LEK04</FIELDNAME>
     <POSITION>0097</POSITION>
     <ROLLNAME>CO_LEIKZ</ROLLNAME>
     <ADMINFIELD>0</ADMINFIELD>
     <VALEXI>X</VALEXI>
     <SHLPORIGIN>F</SHLPORIGIN>
     <COMPTYPE>E</COMPTYPE>
    </DD03P>
    <DD03P>
     <TABNAME>ZTPP1086_CAB_DET</TABNAME>
     <FIELDNAME>OFM05</FIELDNAME>
     <POSITION>0098</POSITION>
     <ROLLNAME>CO_SCHAETZ</ROLLNAME>
     <ADMINFIELD>0</ADMINFIELD>
     <REFTABLE>ZTPP1086_CAB_DET</REFTABLE>
     <REFFIELD>OFE05</REFFIELD>
     <COMPTYPE>E</COMPTYPE>
    </DD03P>
    <DD03P>
     <TABNAME>ZTPP1086_CAB_DET</TABNAME>
     <FIELDNAME>OFE05</FIELDNAME>
     <POSITION>0099</POSITION>
     <ROLLNAME>RU_PROGVGE</ROLLNAME>
     <ADMINFIELD>0</ADMINFIELD>
     <COMPTYPE>E</COMPTYPE>
    </DD03P>
    <DD03P>
     <TABNAME>ZTPP1086_CAB_DET</TABNAME>
     <FIELDNAME>LEK05</FIELDNAME>
     <POSITION>0100</POSITION>
     <ROLLNAME>CO_LEIKZ</ROLLNAME>
     <ADMINFIELD>0</ADMINFIELD>
     <VALEXI>X</VALEXI>
     <SHLPORIGIN>F</SHLPORIGIN>
     <COMPTYPE>E</COMPTYPE>
    </DD03P>
    <DD03P>
     <TABNAME>ZTPP1086_CAB_DET</TABNAME>
     <FIELDNAME>OFM06</FIELDNAME>
     <POSITION>0101</POSITION>
     <ROLLNAME>CO_SCHAETZ</ROLLNAME>
     <ADMINFIELD>0</ADMINFIELD>
     <REFTABLE>ZTPP1086_CAB_DET</REFTABLE>
     <REFFIELD>OFE06</REFFIELD>
     <COMPTYPE>E</COMPTYPE>
    </DD03P>
    <DD03P>
     <TABNAME>ZTPP1086_CAB_DET</TABNAME>
     <FIELDNAME>OFE06</FIELDNAME>
     <POSITION>0102</POSITION>
     <ROLLNAME>RU_PROGVGE</ROLLNAME>
     <ADMINFIELD>0</ADMINFIELD>
     <COMPTYPE>E</COMPTYPE>
    </DD03P>
    <DD03P>
     <TABNAME>ZTPP1086_CAB_DET</TABNAME>
     <FIELDNAME>LEK06</FIELDNAME>
     <POSITION>0103</POSITION>
     <ROLLNAME>CO_LEIKZ</ROLLNAME>
     <ADMINFIELD>0</ADMINFIELD>
     <VALEXI>X</VALEXI>
     <SHLPORIGIN>F</SHLPORIGIN>
     <COMPTYPE>E</COMPTYPE>
    </DD03P>
    <DD03P>
     <TABNAME>ZTPP1086_CAB_DET</TABNAME>
     <FIELDNAME>OFMNW</FIELDNAME>
     <POSITION>0104</POSITION>
     <ROLLNAME>REMNW</ROLLNAME>
     <ADMINFIELD>0</ADMINFIELD>
     <REFTABLE>ZTPP1086_CAB_DET</REFTABLE>
     <REFFIELD>OFMNE</REFFIELD>
     <COMPTYPE>E</COMPTYPE>
    </DD03P>
    <DD03P>
     <TABNAME>ZTPP1086_CAB_DET</TABNAME>
     <FIELDNAME>OFMNE</FIELDNAME>
     <POSITION>0105</POSITION>
     <ROLLNAME>OFMNE</ROLLNAME>
     <ADMINFIELD>0</ADMINFIELD>
     <COMPTYPE>E</COMPTYPE>
    </DD03P>
    <DD03P>
     <TABNAME>ZTPP1086_CAB_DET</TABNAME>
     <FIELDNAME>LEKNW</FIELDNAME>
     <POSITION>0106</POSITION>
     <ROLLNAME>LEKNW</ROLLNAME>
     <ADMINFIELD>0</ADMINFIELD>
     <VALEXI>X</VALEXI>
     <SHLPORIGIN>F</SHLPORIGIN>
     <COMPTYPE>E</COMPTYPE>
    </DD03P>
    <DD03P>
     <TABNAME>ZTPP1086_CAB_DET</TABNAME>
     <FIELDNAME>ODAUR</FIELDNAME>
     <POSITION>0107</POSITION>
     <ROLLNAME>ODAUR</ROLLNAME>
     <ADMINFIELD>0</ADMINFIELD>
     <REFTABLE>ZTPP1086_CAB_DET</REFTABLE>
     <REFFIELD>ODAUE</REFFIELD>
     <COMPTYPE>E</COMPTYPE>
    </DD03P>
    <DD03P>
     <TABNAME>ZTPP1086_CAB_DET</TABNAME>
     <FIELDNAME>ODAUE</FIELDNAME>
     <POSITION>0108</POSITION>
     <ROLLNAME>ODAUE</ROLLNAME>
     <ADMINFIELD>0</ADMINFIELD>
     <COMPTYPE>E</COMPTYPE>
    </DD03P>
    <DD03P>
     <TABNAME>ZTPP1086_CAB_DET</TABNAME>
     <FIELDNAME>STOKZ</FIELDNAME>
     <POSITION>0109</POSITION>
     <ROLLNAME>CO_STOKZ</ROLLNAME>
     <ADMINFIELD>0</ADMINFIELD>
     <VALEXI>X</VALEXI>
     <SHLPORIGIN>F</SHLPORIGIN>
     <COMPTYPE>E</COMPTYPE>
    </DD03P>
    <DD03P>
     <TABNAME>ZTPP1086_CAB_DET</TABNAME>
     <FIELDNAME>STZHL</FIELDNAME>
     <POSITION>0110</POSITION>
     <ROLLNAME>CO_STZHL</ROLLNAME>
     <ADMINFIELD>0</ADMINFIELD>
     <COMPTYPE>E</COMPTYPE>
    </DD03P>
    <DD03P>
     <TABNAME>ZTPP1086_CAB_DET</TABNAME>
     <FIELDNAME>SMENG</FIELDNAME>
     <POSITION>0111</POSITION>
     <ROLLNAME>MGVRG</ROLLNAME>
     <ADMINFIELD>0</ADMINFIELD>
     <REFTABLE>ZTPP1086_CAB_DET</REFTABLE>
     <REFFIELD>MEINH</REFFIELD>
     <COMPTYPE>E</COMPTYPE>
    </DD03P>
    <DD03P>
     <TABNAME>ZTPP1086_CAB_DET</TABNAME>
     <FIELDNAME>RUECK_MST</FIELDNAME>
     <POSITION>0112</POSITION>
     <ROLLNAME>CO_RUECK</ROLLNAME>
     <ADMINFIELD>0</ADMINFIELD>
     <COMPTYPE>E</COMPTYPE>
    </DD03P>
    <DD03P>
     <TABNAME>ZTPP1086_CAB_DET</TABNAME>
     <FIELDNAME>RMZHL_MST</FIELDNAME>
     <POSITION>0113</POSITION>
     <ROLLNAME>CO_RMZHL</ROLLNAME>
     <ADMINFIELD>0</ADMINFIELD>
     <COMPTYPE>E</COMPTYPE>
    </DD03P>
    <DD03P>
     <TABNAME>ZTPP1086_CAB_DET</TABNAME>
     <FIELDNAME>PDSNR</FIELDNAME>
     <POSITION>0114</POSITION>
     <ROLLNAME>PDSNR_D</ROLLNAME>
     <ADMINFIELD>0</ADMINFIELD>
     <COMPTYPE>E</COMPTYPE>
    </DD03P>
    <DD03P>
     <TABNAME>ZTPP1086_CAB_DET</TABNAME>
     <FIELDNAME>KAPID</FIELDNAME>
     <POSITION>0115</POSITION>
     <ROLLNAME>KAPID</ROLLNAME>
     <ADMINFIELD>0</ADMINFIELD>
     <COMPTYPE>E</COMPTYPE>
    </DD03P>
    <DD03P>
     <TABNAME>ZTPP1086_CAB_DET</TABNAME>
     <FIELDNAME>SPLIT</FIELDNAME>
     <POSITION>0116</POSITION>
     <ROLLNAME>CY_SPLIT</ROLLNAME>
     <ADMINFIELD>0</ADMINFIELD>
     <COMPTYPE>E</COMPTYPE>
    </DD03P>
    <DD03P>
     <TABNAME>ZTPP1086_CAB_DET</TABNAME>
     <FIELDNAME>ZAUSW</FIELDNAME>
     <POSITION>0117</POSITION>
     <ROLLNAME>DZAUSW</ROLLNAME>
     <ADMINFIELD>0</ADMINFIELD>
     <COMPTYPE>E</COMPTYPE>
    </DD03P>
    <DD03P>
     <TABNAME>ZTPP1086_CAB_DET</TABNAME>
     <FIELDNAME>ORIND</FIELDNAME>
     <POSITION>0118</POSITION>
     <ROLLNAME>ORIND</ROLLNAME>
     <ADMINFIELD>0</ADMINFIELD>
     <VALEXI>X</VALEXI>
     <SHLPORIGIN>F</SHLPORIGIN>
     <COMPTYPE>E</COMPTYPE>
    </DD03P>
    <DD03P>
     <TABNAME>ZTPP1086_CAB_DET</TABNAME>
     <FIELDNAME>ORIGF</FIELDNAME>
     <POSITION>0119</POSITION>
     <ROLLNAME>ORIGF</ROLLNAME>
     <ADMINFIELD>0</ADMINFIELD>
     <VALEXI>X</VALEXI>
     <SHLPORIGIN>F</SHLPORIGIN>
     <COMPTYPE>E</COMPTYPE>
    </DD03P>
    <DD03P>
     <TABNAME>ZTPP1086_CAB_DET</TABNAME>
     <FIELDNAME>CANUM</FIELDNAME>
     <POSITION>0120</POSITION>
     <ROLLNAME>CY_COUNT</ROLLNAME>
     <ADMINFIELD>0</ADMINFIELD>
     <COMPTYPE>E</COMPTYPE>
    </DD03P>
    <DD03P>
     <TABNAME>ZTPP1086_CAB_DET</TABNAME>
     <FIELDNAME>BELNR_IST</FIELDNAME>
     <POSITION>0121</POSITION>
     <ROLLNAME>CO_BELNR</ROLLNAME>
     <ADMINFIELD>0</ADMINFIELD>
     <COMPTYPE>E</COMPTYPE>
    </DD03P>
    <DD03P>
     <TABNAME>ZTPP1086_CAB_DET</TABNAME>
     <FIELDNAME>BELNR_UMB</FIELDNAME>
     <POSITION>0122</POSITION>
     <ROLLNAME>CO_BELNR</ROLLNAME>
     <ADMINFIELD>0</ADMINFIELD>
     <COMPTYPE>E</COMPTYPE>
    </DD03P>
    <DD03P>
     <TABNAME>ZTPP1086_CAB_DET</TABNAME>
     <FIELDNAME>RMNGA</FIELDNAME>
     <POSITION>0123</POSITION>
     <ROLLNAME>RU_RMNGA</ROLLNAME>
     <ADMINFIELD>0</ADMINFIELD>
     <REFTABLE>ZTPP1086_CAB_DET</REFTABLE>
     <REFFIELD>MEINH</REFFIELD>
     <COMPTYPE>E</COMPTYPE>
    </DD03P>
    <DD03P>
     <TABNAME>ZTPP1086_CAB_DET</TABNAME>
     <FIELDNAME>CATSBELNR</FIELDNAME>
     <POSITION>0124</POSITION>
     <ROLLNAME>CATSBELNR</ROLLNAME>
     <ADMINFIELD>0</ADMINFIELD>
     <COMPTYPE>E</COMPTYPE>
    </DD03P>
    <DD03P>
     <TABNAME>ZTPP1086_CAB_DET</TABNAME>
     <FIELDNAME>SATZA</FIELDNAME>
     <POSITION>0125</POSITION>
     <ROLLNAME>CO_SATZA</ROLLNAME>
     <ADMINFIELD>0</ADMINFIELD>
     <VALEXI>X</VALEXI>
     <SHLPORIGIN>F</SHLPORIGIN>
     <COMPTYPE>E</COMPTYPE>
    </DD03P>
    <DD03P>
     <TABNAME>ZTPP1086_CAB_DET</TABNAME>
     <FIELDNAME>ERZET</FIELDNAME>
     <POSITION>0126</POSITION>
     <ROLLNAME>RU_ERZET</ROLLNAME>
     <ADMINFIELD>0</ADMINFIELD>
     <SHLPORIGIN>T</SHLPORIGIN>
     <COMPTYPE>E</COMPTYPE>
    </DD03P>
    <DD03P>
     <TABNAME>ZTPP1086_CAB_DET</TABNAME>
     <FIELDNAME>CATSPRICE</FIELDNAME>
     <POSITION>0127</POSITION>
     <ROLLNAME>CATSPRICE</ROLLNAME>
     <ADMINFIELD>0</ADMINFIELD>
     <REFTABLE>ZTPP1086_CAB_DET</REFTABLE>
     <REFFIELD>CATSTCURR</REFFIELD>
     <COMPTYPE>E</COMPTYPE>
    </DD03P>
    <DD03P>
     <TABNAME>ZTPP1086_CAB_DET</TABNAME>
     <FIELDNAME>CATSTCURR</FIELDNAME>
     <POSITION>0128</POSITION>
     <ROLLNAME>TWAER</ROLLNAME>
     <ADMINFIELD>0</ADMINFIELD>
     <COMPTYPE>E</COMPTYPE>
    </DD03P>
    <DD03P>
     <TABNAME>ZTPP1086_CAB_DET</TABNAME>
     <FIELDNAME>CATSPEINH</FIELDNAME>
     <POSITION>0129</POSITION>
     <ROLLNAME>PEINH</ROLLNAME>
     <ADMINFIELD>0</ADMINFIELD>
     <COMPTYPE>E</COMPTYPE>
    </DD03P>
    <DD03P>
     <TABNAME>ZTPP1086_CAB_DET</TABNAME>
     <FIELDNAME>BEMOT</FIELDNAME>
     <POSITION>0130</POSITION>
     <ROLLNAME>BEMOT</ROLLNAME>
     <ADMINFIELD>0</ADMINFIELD>
     <COMPTYPE>E</COMPTYPE>
    </DD03P>
    <DD03P>
     <TABNAME>ZTPP1086_CAB_DET</TABNAME>
     <FIELDNAME>IPRZ1</FIELDNAME>
     <POSITION>0131</POSITION>
     <ROLLNAME>RU_IPRZS</ROLLNAME>
     <ADMINFIELD>0</ADMINFIELD>
     <REFTABLE>ZTPP1086_CAB_DET</REFTABLE>
     <REFFIELD>IPRE1</REFFIELD>
     <COMPTYPE>E</COMPTYPE>
    </DD03P>
    <DD03P>
     <TABNAME>ZTPP1086_CAB_DET</TABNAME>
     <FIELDNAME>IPRE1</FIELDNAME>
     <POSITION>0132</POSITION>
     <ROLLNAME>RU_IPRZE</ROLLNAME>
     <ADMINFIELD>0</ADMINFIELD>
     <COMPTYPE>E</COMPTYPE>
    </DD03P>
    <DD03P>
     <TABNAME>ZTPP1086_CAB_DET</TABNAME>
     <FIELDNAME>IPRK1</FIELDNAME>
     <POSITION>0133</POSITION>
     <ROLLNAME>RU_IPRZK</ROLLNAME>
     <ADMINFIELD>0</ADMINFIELD>
     <VALEXI>X</VALEXI>
     <SHLPORIGIN>F</SHLPORIGIN>
     <COMPTYPE>E</COMPTYPE>
    </DD03P>
    <DD03P>
     <TABNAME>ZTPP1086_CAB_DET</TABNAME>
     <FIELDNAME>EXNAM</FIELDNAME>
     <POSITION>0134</POSITION>
     <ROLLNAME>RU_EXNAM</ROLLNAME>
     <ADMINFIELD>0</ADMINFIELD>
     <COMPTYPE>E</COMPTYPE>
    </DD03P>
    <DD03P>
     <TABNAME>ZTPP1086_CAB_DET</TABNAME>
     <FIELDNAME>EXERD</FIELDNAME>
     <POSITION>0135</POSITION>
     <ROLLNAME>RU_EXERD</ROLLNAME>
     <ADMINFIELD>0</ADMINFIELD>
     <SHLPORIGIN>T</SHLPORIGIN>
     <COMPTYPE>E</COMPTYPE>
    </DD03P>
    <DD03P>
     <TABNAME>ZTPP1086_CAB_DET</TABNAME>
     <FIELDNAME>EXERZ</FIELDNAME>
     <POSITION>0136</POSITION>
     <ROLLNAME>RU_EXERZ</ROLLNAME>
     <ADMINFIELD>0</ADMINFIELD>
     <SHLPORIGIN>T</SHLPORIGIN>
     <COMPTYPE>E</COMPTYPE>
    </DD03P>
    <DD03P>
     <TABNAME>ZTPP1086_CAB_DET</TABNAME>
     <FIELDNAME>PRZ01</FIELDNAME>
     <POSITION>0137</POSITION>
     <ROLLNAME>CO_PRZNR</ROLLNAME>
     <ADMINFIELD>0</ADMINFIELD>
     <COMPTYPE>E</COMPTYPE>
    </DD03P>
    <DD03P>
     <TABNAME>ZTPP1086_CAB_DET</TABNAME>
     <FIELDNAME>OPRZ1</FIELDNAME>
     <POSITION>0138</POSITION>
     <ROLLNAME>OPRZ1</ROLLNAME>
     <ADMINFIELD>0</ADMINFIELD>
     <REFTABLE>ZTPP1086_CAB_DET</REFTABLE>
     <REFFIELD>OPRE1</REFFIELD>
     <COMPTYPE>E</COMPTYPE>
    </DD03P>
    <DD03P>
     <TABNAME>ZTPP1086_CAB_DET</TABNAME>
     <FIELDNAME>OPRE1</FIELDNAME>
     <POSITION>0139</POSITION>
     <ROLLNAME>OPRE1</ROLLNAME>
     <ADMINFIELD>0</ADMINFIELD>
     <COMPTYPE>E</COMPTYPE>
    </DD03P>
    <DD03P>
     <TABNAME>ZTPP1086_CAB_DET</TABNAME>
     <FIELDNAME>SKOKRS</FIELDNAME>
     <POSITION>0140</POSITION>
     <ROLLNAME>KOKRS</ROLLNAME>
     <ADMINFIELD>0</ADMINFIELD>
     <COMPTYPE>E</COMPTYPE>
    </DD03P>
    <DD03P>
     <TABNAME>ZTPP1086_CAB_DET</TABNAME>
     <FIELDNAME>SKOSTL</FIELDNAME>
     <POSITION>0141</POSITION>
     <ROLLNAME>SKOSTL</ROLLNAME>
     <ADMINFIELD>0</ADMINFIELD>
     <COMPTYPE>E</COMPTYPE>
    </DD03P>
    <DD03P>
     <TABNAME>ZTPP1086_CAB_DET</TABNAME>
     <FIELDNAME>NODAT</FIELDNAME>
     <POSITION>0142</POSITION>
     <ROLLNAME>NODAT</ROLLNAME>
     <ADMINFIELD>0</ADMINFIELD>
     <VALEXI>X</VALEXI>
     <SHLPORIGIN>F</SHLPORIGIN>
     <COMPTYPE>E</COMPTYPE>
    </DD03P>
    <DD03P>
     <TABNAME>ZTPP1086_CAB_DET</TABNAME>
     <FIELDNAME>ISMNU</FIELDNAME>
     <POSITION>0143</POSITION>
     <ROLLNAME>ARBEITE</ROLLNAME>
     <ADMINFIELD>0</ADMINFIELD>
     <COMPTYPE>E</COMPTYPE>
    </DD03P>
    <DD03P>
     <TABNAME>ZTPP1086_CAB_DET</TABNAME>
     <FIELDNAME>OFMNU</FIELDNAME>
     <POSITION>0144</POSITION>
     <ROLLNAME>ARBEITE</ROLLNAME>
     <ADMINFIELD>0</ADMINFIELD>
     <COMPTYPE>E</COMPTYPE>
    </DD03P>
    <DD03P>
     <TABNAME>ZTPP1086_CAB_DET</TABNAME>
     <FIELDNAME>PACKNO</FIELDNAME>
     <POSITION>0145</POSITION>
     <ROLLNAME>PACKNO</ROLLNAME>
     <ADMINFIELD>0</ADMINFIELD>
     <COMPTYPE>E</COMPTYPE>
    </DD03P>
    <DD03P>
     <TABNAME>ZTPP1086_CAB_DET</TABNAME>
     <FIELDNAME>EXTID</FIELDNAME>
     <POSITION>0146</POSITION>
     <ROLLNAME>RU_EXTID</ROLLNAME>
     <ADMINFIELD>0</ADMINFIELD>
     <COMPTYPE>E</COMPTYPE>
    </DD03P>
    <DD03P>
     <TABNAME>ZTPP1086_CAB_DET</TABNAME>
     <FIELDNAME>SCHGRUP</FIELDNAME>
     <POSITION>0147</POSITION>
     <ROLLNAME>SCHGRUP</ROLLNAME>
     <ADMINFIELD>0</ADMINFIELD>
     <COMPTYPE>E</COMPTYPE>
    </DD03P>
    <DD03P>
     <TABNAME>ZTPP1086_CAB_DET</TABNAME>
     <FIELDNAME>KAPTPROG</FIELDNAME>
     <POSITION>0148</POSITION>
     <ROLLNAME>KAPTPROG</ROLLNAME>
     <ADMINFIELD>0</ADMINFIELD>
     <COMPTYPE>E</COMPTYPE>
    </DD03P>
    <DD03P>
     <TABNAME>ZTPP1086_CAB_DET</TABNAME>
     <FIELDNAME>.INCLUDE</FIELDNAME>
     <POSITION>0149</POSITION>
     <ADMINFIELD>0</ADMINFIELD>
     <PRECFIELD>CI_AFRU</PRECFIELD>
     <MASK>      N</MASK>
    </DD03P>
    <DD03P>
     <TABNAME>ZTPP1086_CAB_DET</TABNAME>
     <FIELDNAME>OBMAT</FIELDNAME>
     <POSITION>0150</POSITION>
     <ROLLNAME>UCMAT</ROLLNAME>
     <ADMINFIELD>0</ADMINFIELD>
     <SHLPORIGIN>D</SHLPORIGIN>
     <COMPTYPE>E</COMPTYPE>
    </DD03P>
    <DD03P>
     <TABNAME>ZTPP1086_CAB_DET</TABNAME>
     <FIELDNAME>OBCHA</FIELDNAME>
     <POSITION>0151</POSITION>
     <ROLLNAME>UCCHA</ROLLNAME>
     <ADMINFIELD>0</ADMINFIELD>
     <SHLPORIGIN>D</SHLPORIGIN>
     <COMPTYPE>E</COMPTYPE>
    </DD03P>
    <DD03P>
     <TABNAME>ZTPP1086_CAB_DET</TABNAME>
     <FIELDNAME>LICHA</FIELDNAME>
     <POSITION>0152</POSITION>
     <ROLLNAME>LICHN</ROLLNAME>
     <ADMINFIELD>0</ADMINFIELD>
     <COMPTYPE>E</COMPTYPE>
    </DD03P>
    <DD03P>
     <TABNAME>ZTPP1086_CAB_DET</TABNAME>
     <FIELDNAME>MYEAR</FIELDNAME>
     <POSITION>0153</POSITION>
     <ROLLNAME>MJAHR</ROLLNAME>
     <ADMINFIELD>0</ADMINFIELD>
     <COMPTYPE>E</COMPTYPE>
    </DD03P>
    <DD03P>
     <TABNAME>ZTPP1086_CAB_DET</TABNAME>
     <FIELDNAME>ME_SFCID</FIELDNAME>
     <POSITION>0154</POSITION>
     <ROLLNAME>CO_MES_INT_SFCID</ROLLNAME>
     <ADMINFIELD>0</ADMINFIELD>
     <COMPTYPE>E</COMPTYPE>
    </DD03P>
   </DD03P_TABLE>
   <DD12V>
    <DD12V>
     <SQLTAB>ZTPP1086_CAB_DET</SQLTAB>
     <INDEXNAME>ZCA</INDEXNAME>
     <AS4LOCAL>A</AS4LOCAL>
     <DDLANGUAGE>S</DDLANGUAGE>
     <DBINCLEXCL>E</DBINCLEXCL>
     <DDTEXT>Indice a cabecera el log</DDTEXT>
    </DD12V>
    <DD12V>
     <SQLTAB>ZTPP1086_CAB_DET</SQLTAB>
     <INDEXNAME>ZDE</INDEXNAME>
     <AS4LOCAL>A</AS4LOCAL>
     <DDLANGUAGE>S</DDLANGUAGE>
     <DBINCLEXCL>E</DBINCLEXCL>
     <DDTEXT>Indice de las fases de la notificación</DDTEXT>
    </DD12V>
   </DD12V>
   <DD17V>
    <DD17V>
     <SQLTAB>ZTPP1086_CAB_DET</SQLTAB>
     <INDEXNAME>ZCA</INDEXNAME>
     <POSITION>0001</POSITION>
     <AS4LOCAL>A</AS4LOCAL>
     <FIELDNAME>IDLOG_CAB</FIELDNAME>
    </DD17V>
    <DD17V>
     <SQLTAB>ZTPP1086_CAB_DET</SQLTAB>
     <INDEXNAME>ZDE</INDEXNAME>
     <POSITION>0001</POSITION>
     <AS4LOCAL>A</AS4LOCAL>
     <FIELDNAME>FASE</FIELDNAME>
    </DD17V>
   </DD17V>
  </asx:values>
 </asx:abap>
</abapGit>
